chromosome	start	stop	gene	variant/tpipeline
17	7571720	7590856	TP53	WILD TYPE	DNA-based
7	140434279	140624564	BRAF	WILD TYPE	DNA-based
14	106032614	107288051	BCL2	IGH-BCL2	DNA-based
11	69455855	69469242	CCND1	AMPLIFICATION	DNA-based
7	140434279	140624564	BRAF	V600E AMPLIFICATION	DNA-based
20	39657458	39753127	TOP1	AMPLIFICATION	DNA-based
7	116312459	116436396	MET	EXON 14 MUTATION + AMPLIFICATION	DNA-based
9	135251008	135282209	TTF1	AMPLIFICATION	DNA-based
5	1253282	1295162	TERT	AMPLIFICATION	DNA-based
2	61108709	61149800	REL	AMPLIFICATION	DNA-based
3	71003844	71633140	FOXP1	AMPLIFICATION	DNA-based
18	657604	673578	TYMS	AMPLIFICATION	DNA-based
22	22108789	22221919	MAPK1	AMPLIFICATION	DNA-based
11	77371041	77532063	RSF1	AMPLIFICATION	DNA-based
7	97481430	97501854	ASNS	AMPLIFICATION	DNA-based
20	46130646	46285621	NCOA3	AMPLIFICATION	DNA-based
20	54944446	54967393	AURKA	AMPLIFICATION	DNA-based
7	55086794	55279321	EGFR	AMPLIFICATION	DNA-based
19	30302805	30315215	CCNE1	AMPLIFICATION	DNA-based
3	178866311	178957881	PIK3CA	AMPLIFICATION	DNA-based
9	139388896	139440314	NOTCH1	AMPLIFICATION	DNA-based
2	42396490	42528380	ALK	EML4-ALK AMPLIFICATION	DNA-based
17	48712218	48769613	ABCC3	AMPLIFICATION	DNA-based
20	61867235	61871859	BIRC7	AMPLIFICATION	DNA-based
7	116312459	116436396	MET	AMPLIFICATION	DNA-based
2	16080686	16087129	MYCN	AMPLIFICATION	DNA-based
7	140434279	140624564	BRAF	AMPLIFICATION	DNA-based
12	58141510	58146304	CDK4	AMPLIFICATION	DNA-based
5	38938021	39074510	RICTOR	AMPLIFICATION	DNA-based
3	12625100	12705725	RAF1	AMPLIFICATION	DNA-based
12	25362365	25403737	KRAS	AMPLIFICATION	DNA-based
4	55524085	55606881	KIT	AMPLIFICATION	DNA-based
11	69624992	69633792	FGF3	AMPLIFICATION	DNA-based
10	123239371	123357917	FGFR2	AMPLIFICATION	DNA-based
19	40736224	40791302	AKT2	AMPLIFICATION	DNA-based
4	55095264	55164414	PDGFRA	AMPLIFICATION	DNA-based
8	38268656	38325363	FGFR1	AMPLIFICATION	DNA-based
17	37856333	37884915	ERBB2	AMPLIFICATION	DNA-based
10	89622870	89731687	PTEN	DELETION	DNA-based
11	67351066	67354131	GSTP1	DELETION	DNA-based
9	22002902	22009362	CDKN2B	LOSS	DNA-based
18	48556583	48611409	SMAD4	DELETION	DNA-based
2	140988992	142889270	LRP1B	DELETION	DNA-based
22	24129150	24176703	SMARCB1	DELETION	DNA-based
7	50344378	50472799	IKZF1	DELETION	DNA-based
17	33433425	33433425	RAD51D	R186*	DNA-based
12	25398255	25398255	KRAS	Q22*	DNA-based
10	89717672	89717672	PTEN	R233*	DNA-based
16	2130300	2130300	TSC2	Q1178*	DNA-based
3	10183811	10183811	VHL	E94* (c.280G>T)	DNA-based
1	65321333	65321333	JAK1	Q503*	DNA-based
10	89692904	89692904	PTEN	R130*	DNA-based
1	8073509	8073509	ERRFI1	E384*	DNA-based
3	37053589	37053589	MLH1	R226*	DNA-based
2	47656951	47656951	MSH2	R383*	DNA-based
21	36171704	36171704	RUNX1	Y260*	DNA-based
14	75745477	75748127	FOS	TRUNCATING FUSION	DNA-based
3	37042536	37042536	MLH1	R100*	DNA-based
2	47637380	47637380	MSH2	K172*	DNA-based
3	10188261	10188261	VHL	L135* (c.404T>A)	DNA-based
3	10191497	10191497	VHL	Q164* (c.490C>T)	DNA-based
3	10191593	10191593	VHL	K196* (c.586A>T)	DNA-based
3	10188251	10188251	VHL	Q132* (c.394C>T)	DNA-based
3	10183739	10183739	VHL	E70* (c.208G>T)	DNA-based
3	10183748	10183748	VHL	Q73* (c.217C>T)	DNA-based
3	10183795	10183795	VHL	W88* (c.264G>A)	DNA-based
3	37048546	37048546	MLH1	Q149*	DNA-based
3	10191590	10191590	VHL	Q195* (c.583C>T)	DNA-based
14	65453063	65453063	FNTB	RS11623866	DNA-based
5	1295228	1295228	TERT	C228T	DNA-based
5	1295161	1295373	TERT	PROMOTER MUTATION	DNA-based
3	10183696	10183696	VHL	E55E (c.165G>A)	DNA-based
7	116312459	116436396	MET	MUTATION	DNA-based
3	38182641	38182641	MYD88	L265P	DNA-based
4	55524085	55606881	KIT	MUTATION	DNA-based
10	123239371	123357917	FGFR2	MUTATION	DNA-based
7	140453136	140481403	BRAF	MUTATION	DNA-based
1	115247090	115259515	NRAS	MUTATION	DNA-based
2	29415640	30144432	ALK	MUTATION	DNA-based
9	5073770	5073770	JAK2	V617F	DNA-based
1	11184580	11184580	MTOR	P2213S	DNA-based
1	11188519	11188519	MTOR	H1968Y	DNA-based
10	123258034	123258034	FGFR2	N550K	DNA-based
5	67511548	67597649	PIK3R1	MUTATION	DNA-based
3	49412898	49405977	RHOA	MUTATION	DNA-based
2	212295697	212578308	ERBB4	MUTATION	DNA-based
3	41240930	41281936	CTNNB1	ACTIVATING MUTATION	DNA-based
13	28577411	28674729	FLT3	MUTATION	DNA-based
3	178866311	178957881	PIK3CA	MUTATION	DNA-based
22	22127164	22127164	MAPK1	E322K	DNA-based
6	41902671	41909586	CCND3	LOSS	DNA-based
19	33790840	33793470	CEBPA	MUTATION	DNA-based
9	135766735	135820008	TSC1	LOSS-OF-FUNCTION	DNA-based
19	11071598	11172958	SMARCA4	INACTIVATING MUTATION	DNA-based
17	41196312	41277387	BRCA1	LOSS-OF-FUNCTION	DNA-based
19	11071598	11172958	SMARCA4	MUTATION	DNA-based
18	48556583	48611409	SMAD4	MUTATION	DNA-based
3	10182692	10193904	VHL	MUTATION	DNA-based
3	10182692	10193904	VHL	LOSS-OF-FUNCTION	DNA-based
3	52581857	52719852	PBRM1	MUTATION	DNA-based
11	94152895	94227074	MRE11	LOSS	DNA-based
16	23614491	23652631	PALB2	BIALLELIC INACTIVATION	DNA-based
9	8314246	10033790	PTPRD	MUTATION	DNA-based
12	49412758	49449107	KMT2D	LOSS-OF-FUNCTION	DNA-based
19	1205740	1228428	STK11	LOSS	DNA-based
9	97861336	98079984	FANCC	LOSS-OF-FUNCTION	DNA-based
11	108093559	108239826	ATM	MUTATION	DNA-based
17	41196312	41277387	BRCA1	MUTATION	DNA-based
13	32889611	32973347	BRCA2	MUTATION	DNA-based
10	89622870	89731687	PTEN	LOSS	DNA-based
22	29083732	29137832	CHEK2	LOSS-OF-FUNCTION	DNA-based
17	37618292	37691399	CDK12	LOSS-OF-FUNCTION	DNA-based
9	21967752	21994623	CDKN2A	LOSS	DNA-based
4	153245446	153332714	FBXW7	MUTATION	DNA-based
9	98205262	98270943	PTCH1	MUTATION	DNA-based
13	32889611	32973347	BRCA2	LOSS-OF-FUNCTION	DNA-based
18	48556583	48611409	SMAD4	LOSS	DNA-based
3	10182692	10193904	VHL	LOSS	DNA-based
21	36160098	36421641	RUNX1	MUTATION	DNA-based
17	29421945	29704695	NF1	MUTATION	DNA-based
7	140477859	140477860	BRAF	K483M	DNA-based
13	48877911	49056122	RB1	LOSS-OF-FUNCTION	DNA-based
19	33790840	33793470	CEBPA	BIALLELIC INACTIVATION	DNA-based
9	139388896	139440314	NOTCH1	LOSS-OF-FUNCTION	DNA-based
6	106534195	106557813	PRDM1	MUTATION	DNA-based
4	153242410	153457253	FBXW7	LOSS-OF-FUNCTION	DNA-based
7	124462440	124570035	POT1	MUTATION	DNA-based
22	38368307	38380544	SOX10	LOSS	DNA-based
7	151832010	152133090	KMT2C	MUTATION	DNA-based
17	29421945	29704695	NF1	LOSS	DNA-based
22	29999547	30094587	NF2	LOSS	DNA-based
22	42522501	42526908	CYP2D6	LOSS-OF-FUNCTION	DNA-based
12	70910630	71031220	PTPRB	LOSS-OF-FUNCTION	DNA-based
2	48010221	48037240	MSH6	LOSS	DNA-based
2	47630108	47710367	MSH2	LOSS	DNA-based
21	36231792	36231792	RUNX1	D198Y	DNA-based
3	52435029	52444366	BAP1	MUTATION	DNA-based
4	106067450	106200973	TET2	MUTATION	DNA-based
19	33792961	33793470	CEBPA	N-TERMINAL FRAME SHIFT	DNA-based
9	98205262	98270943	PTCH1	LOH	DNA-based
19	1220489	1220489	STK11	D194E	DNA-based
16	68771128	68869451	CDH1	MUTATION	DNA-based
4	55593582	55593708	KIT	INTERNAL DUPLICATION	DNA-based
17	37880993	37880994	ERBB2	M774INSAYVM	DNA-based
2	29445271	29445272	ALK	EML4-ALK T1151INST	DNA-based
7	55248991	55249022	EGFR	EXON 20 INSERTION	DNA-based
17	37880996	37880997	ERBB2	Y772_A775DUP	DNA-based
17	37881011	37881012	ERBB2	P780INS	DNA-based
13	28608219	28608351	FLT3	ITD	DNA-based
12	25398281	25398282	KRAS	G13	DNA-based
12	69202580	69202580	MDM2	SNP309	DNA-based
5	1286516	1286516	TERT	RS2736100	DNA-based
1	68152388	68152388	GADD45A	rs681673	DNA-based
7	6022512	6022512	PMS2	K706FS*19	DNA-based
16	23646276	23646276	PALB2	L531FS*30	DNA-based
12	25362365	25403737	KRAS	MUTATION	DNA-based
9	80409487	80409489	GNAQ	Q209	DNA-based
17	7571720	7590856	TP53	MUTATION	DNA-based
7	148504477	148581370	EZH2	MUTATION	DNA-based
17	7577535	7577535	TP53	R249	DNA-based
10	89622870	89731687	PTEN	MUTATION	DNA-based
7	148508726	148508728	EZH2	Y646	DNA-based
21	44513066	44527697	U2AF1	MUTATION	DNA-based
9	139388896	139440314	NOTCH1	MUTATION	DNA-based
2	198254508	198299815	SF3B1	MUTATION	DNA-based
12	25380275	25380277	KRAS	Q61	DNA-based
1	11166592	11322564	MTOR	MUTATION	DNA-based
17	37879863	37882870	ERBB2	KINASE DOMAIN MUTATION	DNA-based
17	40465342	40475372	STAT3	SH2 DOMAIN MUTATION	DNA-based
13	28592642	28592642	FLT3	D835	DNA-based
12	25398280	25398285	KRAS	G12/G13	DNA-based
20	30946155	31027122	ASXL1	MUTATION	DNA-based
15	90626277	90645736	IDH2	MUTATION	DNA-based
1	115258744	115258748	NRAS	G12/G13	DNA-based
1	36932096	36933444	CSF3R	MUTATION	DNA-based
X	123176418	123217308	STAG2	MUTATION	DNA-based
7	55241707	55241708	EGFR	G719	DNA-based
7	55241710	55241711	EGFR	S720	DNA-based
15	90631837	90631839	IDH2	R172	DNA-based
7	140453136	140453137	BRAF	V600	DNA-based
2	209113111	209113113	IDH1	R132	DNA-based
15	90631934	90631934	IDH2	R140	DNA-based
12	25398284	25398285	KRAS	G12	DNA-based
1	115256529	115256529	NRAS	Q61L	DNA-based
2	29445258	29445258	ALK	EML4-ALK C1156Y	DNA-based
2	29443631	29443631	ALK	EML4-ALK L1196M	DNA-based
7	140453135	140453137	BRAF	V600E+V600M	DNA-based
1	161479745	161479745	FCGR2A	H167R	DNA-based
12	25378561	25378561	KRAS	A146V	DNA-based
7	6426892	6426892	RAC1	P29S	DNA-based
17	37880989	37880989	ERBB2	V773A	DNA-based
2	209113113	209113113	IDH1	R132S	DNA-based
1	161514542	161514542	FCGR3A	F212V	DNA-based
7	87160618	87160618	ABCB1	S893A/T	DNA-based
7	55227884	55227884	EGFR	R451C	DNA-based
12	25398208	25398329	KRAS	EXON 2 MUTATION	DNA-based
1	161643798	161643798	FCGR2B	I232T	DNA-based
17	37881440	37881440	ERBB2	H878Y	DNA-based
3	10191491	10191491	VHL	C162R (c.484T>C)	DNA-based
3	10183793	10183793	VHL	W88R (c.262T>A)	DNA-based
1	115258747	115258748	NRAS	G12	DNA-based
4	55152093	55152097	PDGFRA	DI842-843VM	DNA-based
7	55228009	55228009	EGFR	S492R	DNA-based
1	162729671	162729671	DDR2	G253C	DNA-based
1	162729630	162729630	DDR2	L239R	DNA-based
1	162724415	162724415	DDR2	L63V	DNA-based
9	139399219	139399219	NOTCH1	D1642H	DNA-based
7	55241707	55241707	EGFR	G719S	DNA-based
9	139391212	139391212	NOTCH1	R2327W	DNA-based
7	55242487	55242487	EGFR	P753S	DNA-based
7	55227933	55227933	EGFR	K467T	DNA-based
15	74315213	74315219	PML	B2 DOMAIN MUTATION	DNA-based
1	162748407	162748407	DDR2	G774V	DNA-based
1	162745497	162745497	DDR2	I638F	DNA-based
X	47426121	47426121	ARAF	S214C	DNA-based
12	25398284	25398284	KRAS	G12A	DNA-based
1	162741822	162741822	DDR2	G505S	DNA-based
17	37881616	37881616	ERBB2	R896C	DNA-based
17	37868205	37868205	ERBB2	G309A	DNA-based
X	66943549	66943549	AR	F877L	DNA-based
4	55599333	55599333	KIT	D820A	DNA-based
4	55595519	55595519	KIT	T670I	DNA-based
7	55241722	55241722	EGFR	G724S	DNA-based
15	66729162	66729162	MAP2K1	P124S	DNA-based
15	66727451	66727451	MAP2K1	Q56P	DNA-based
1	115256529	115256529	NRAS	Q61R	DNA-based
4	55152092	55152093	PDGFRA	D842I	DNA-based
1	115258744	115258744	NRAS	G13D	DNA-based
7	128849189	128849189	SMO	D473H	DNA-based
6	117631376	117631376	ROS1	CD74-ROS1 G2101A	DNA-based
15	74315219	74315219	PML	PML-RARA L218P	DNA-based
17	7579472	7579472	TP53	P72R	DNA-based
4	55599340	55599340	KIT	N822K	DNA-based
3	178952085	178952085	PIK3CA	H1047R	DNA-based
10	43617416	43617416	RET	M918T	DNA-based
17	7577538	7577538	TP53	R248Q	DNA-based
2	198267359	198267359	SF3B1	K666N	DNA-based
17	7577539	7577539	TP53	R248W	DNA-based
4	55599333	55599333	KIT	D820G	DNA-based
17	37881404	37881404	ERBB2	L866M	DNA-based
17	7577121	7577121	TP53	R273C	DNA-based
X	100611165	100611165	BTK	C481S	DNA-based
16	69745145	69745145	NQO1	P187S	DNA-based
18	42531913	42531913	SETBP1	G870S	DNA-based
1	11190804	11190804	MTOR	E1799K	DNA-based
1	11184573	11184573	MTOR	S2215Y	DNA-based
19	49377242	49377242	PPP1R15A	RS557806	DNA-based
6	117630062	117630062	ROS1	CD74-ROS1 L2155S	DNA-based
14	105243048	105243048	AKT1	Q79K	DNA-based
4	1806099	1806099	FGFR3	Y375C	DNA-based
4	55593464	55593464	KIT	M541L	DNA-based
X	66937370	66937372	AR	W742	DNA-based
2	29443600	29443600	ALK	EML4-ALK S1206Y	DNA-based
3	178936082	178936082	PIK3CA	E542K	DNA-based
2	29443625	29445258	ALK	EML4-ALK C1156Y–L1198F	DNA-based
17	37881000	37881000	ERBB2	V777L	DNA-based
21	44514777	44514777	U2AF1	Q157P/R	DNA-based
4	55152093	55152093	PDGFRA	D842V	DNA-based
10	104850745	104850745	NT5C2	D407A	DNA-based
10	104852955	104852955	NT5C2	R367Q	DNA-based
11	108218044	108218044	ATM	N2875H	DNA-based
9	133748288	133748288	ABL1	BCR-ABL F317L	DNA-based
4	55141036	55141036	PDGFRA	V561A	DNA-based
10	104852980	104852980	NT5C2	K359Q	DNA-based
19	44057574	44057574	XRCC1	R194W	DNA-based
2	29445270	29445270	ALK	EML4-ALK L1152R	DNA-based
11	67352689	67352689	GSTP1	I105V	DNA-based
4	55955969	55955969	KDR	A1065T	DNA-based
3	178928226	178928226	PIK3CA	P471L	DNA-based
12	58145431	58145431	CDK4	R24C	DNA-based
19	45854919	45854919	ERCC2	K751Q	DNA-based
11	534285	534285	HRAS	G13D	DNA-based
2	29436859	29436859	ALK	F1245C	DNA-based
1	11217230	11217230	MTOR	C1483Y	DNA-based
7	87160618	87160618	ABCB1	S893T	DNA-based
7	140453136	140453137	BRAF	V600K	DNA-based
2	29432682	29432682	ALK	ALK FUSION G1269A	DNA-based
21	44524456	44524456	U2AF1	S34Y/F	DNA-based
1	162748390	162748390	DDR2	S768R	DNA-based
15	90631838	90631838	IDH2	R172K	DNA-based
4	55152092	55152092	PDGFRA	D842Y	DNA-based
17	7577120	7577120	TP53	R273H	DNA-based
4	55968180	55968180	KDR	D717V	DNA-based
4	55961059	55961059	KDR	R961W	DNA-based
3	10191506	10191506	VHL	R167W (c.499C>T)	DNA-based
17	37881332	37881332	ERBB2	V842I	DNA-based
7	55249091	55249091	EGFR	C797S	DNA-based
12	25398285	25398285	KRAS	G12R	DNA-based
8	38274849	38274849	FGFR1	N546K	DNA-based
7	55249005	55249005	EGFR	S768I	DNA-based
10	43609070	43609070	RET	C609Y	DNA-based
19	3118942	3118942	GNA11	Q209	DNA-based
2	209113112	209113112	IDH1	R132H	DNA-based
1	115256530	115256530	NRAS	Q61K	DNA-based
4	89052323	89052323	ABCG2	Q141K	DNA-based
1	11187094	11187094	MTOR	F2108L	DNA-based
7	55227926	55227926	EGFR	G465R	DNA-based
17	7579548	7579548	TP53	P47S	DNA-based
3	10191540	10191540	VHL	L178P (c.533T>C)	DNA-based
3	10191477	10191477	VHL	T157I (c.470C>T)	DNA-based
12	25398284	25398284	KRAS	G12D	DNA-based
6	117638347	117638347	ROS1	G2032R	DNA-based
17	37880220	37880220	ERBB2	L755W	DNA-based
12	25398281	25398281	KRAS	G13D	DNA-based
2	29443613	29443613	ALK	ALK FUSION G1202R	DNA-based
15	66727455	66727455	MAP2K1	K57N	DNA-based
6	117638365	117638365	ROS1	CD74-ROS1 L2026M	DNA-based
6	117638347	117638347	ROS1	CD74-ROS1 G2032R	DNA-based
13	28624294	28624294	FLT3	T227M	DNA-based
2	29436859	29436859	ALK	ALK FUSION F1245C	DNA-based
19	44055726	44055726	XRCC1	Q399R	DNA-based
7	140453145	140453146	BRAF	L597S	DNA-based
7	140453145	140453145	BRAF	L597Q	DNA-based
1	11174420	11187857	MTOR	E2014K + E2419K	DNA-based
19	7975157	7975157	MAP2K7	E116K	DNA-based
7	140453154	140453154	BRAF	D594A	DNA-based
7	140453154	140453154	BRAF	D594V	DNA-based
7	140453146	140453146	BRAF	L597V	DNA-based
2	198266834	198266834	SF3B1	K700E	DNA-based
7	140453134	140453134	BRAF	K601E	DNA-based
2	29445213	29445213	ALK	EML4-ALK I1171S	DNA-based
4	55144547	55144547	PDGFRA	FIP1L1-PDGFRA T674I	DNA-based
2	29445213	29445213	ALK	HIP1-ALK I1171N	DNA-based
12	25398285	25398285	KRAS	G12C	DNA-based
2	29445213	29445213	ALK	ALK FUSION I1171	DNA-based
7	140453154	140453154	BRAF	D594G	DNA-based
13	28592642	28592642	FLT3	D835H	DNA-based
9	80409488	80409488	GNAQ	Q209P	DNA-based
1	11187796	11187796	MTOR	A2034V	DNA-based
13	28592642	28592642	FLT3	D835H/Y	DNA-based
1	11177096	11177096	MTOR	M2327I	DNA-based
2	29443679	29443679	ALK	EML4-ALK  V1180L	DNA-based
2	29443631	29445258	ALK	EML4-ALK C1156Y–L1196M	DNA-based
15	74315213	74315213	PML	PML-RARA A216V	DNA-based
2	29432682	29432682	ALK	EML4-ALK G1269A	DNA-based
12	21329738	21329738	SLCO1B1	N130D	DNA-based
4	1803568	1803568	FGFR3	S249C	DNA-based
15	66729154	66729154	MAP2K1	C121S	DNA-based
7	116423407	116423407	MET	D1228N	DNA-based
2	202149589	202149589	CASP8	D302H	DNA-based
3	10191605	10191605	VHL	R200W (c.598C>T)	DNA-based
17	37868196	37881332	ERBB2	MUTATION	DNA-based
7	140477794	140477794	BRAF	L505H	DNA-based
17	37879658	37879658	ERBB2	R678Q	DNA-based
6	152415537	152415537	ESR1	S463P	DNA-based
13	32968854	32968854	BRCA2	D3095E	DNA-based
17	46805705	46805705	HOXB13	G84E	DNA-based
12	111884608	111884608	SH2B3	RS3184504	DNA-based
12	56478851	56478851	ERBB3	R103G	DNA-based
21	36252962	36252962	RUNX1	A107P	DNA-based
2	48018217	48018217	MSH6	P138T	DNA-based
3	37081718	37081719	MLH1	V534R	DNA-based
3	37045935	37045935	MLH1	T117M	DNA-based
3	37067359	37067359	MLH1	A424T	DNA-based
3	37090447	37090447	MLH1	A681V	DNA-based
3	37038196	37038196	MLH1	I68S	DNA-based
3	37038187	37038187	MLH1	G65D	DNA-based
7	55242511	55242511	EGFR	D761Y	DNA-based
1	97981343	97981343	DPYD	DPYD*13 HOMOZYGOSITY	DNA-based
12	56478854	56478854	ERBB3	V104M	DNA-based
2	48026176	48026176	MSH6	V352I	DNA-based
2	48033421	48033421	MSH6	R1242H	DNA-based
12	56481922	56481922	ERBB3	G284R	DNA-based
12	56491672	56491672	ERBB3	V855A	DNA-based
1	11856378	11856378	MTHFR	A222V	DNA-based
2	47690231	47690231	MSH2	E483G	DNA-based
3	37038139	37038139	MLH1	V49A	DNA-based
3	37081770	37081770	MLH1	N551T	DNA-based
3	37070334	37070334	MLH1	M490T	DNA-based
3	37035039	37035039	MLH1	M1L	DNA-based
3	37038192	37038192	MLH1	G67R	DNA-based
7	116423408	116423408	MET	D1228V	DNA-based
7	55242467	55242467	EGFR	E746G	DNA-based
9	8521481	8521481	PTPRD	V253I	DNA-based
12	21331549	21331549	SLCO1B1	RS4149056	DNA-based
9	135771933	135771933	TSC1	R1062W	DNA-based
3	10183763	10183763	VHL	N78H (c.232A>C)	DNA-based
3	37058999	37058999	MLH1	R265G	DNA-based
21	36259163	36259163	RUNX1	K83E	DNA-based
15	88476265	88476265	NTRK3	ETV6-NTRK3 G623R	DNA-based
20	57484420	57484420	GNAS	R201C	DNA-based
3	10183605	10183605	VHL	P25L (c.74C>T)	DNA-based
3	10188302	10188302	VHL	A149S (c.445G>T)	DNA-based
1	65311203	65311203	JAK1	S703I	DNA-based
17	37880997	37880998	ERBB2	G776L	DNA-based
10	89711899	89711899	PTEN	R173C	DNA-based
5	176942767	176942767	DDX41	R164W	DNA-based
3	10183550	10183550	VHL	N7D (c.19A>G)	DNA-based
X	47429340	47429340	ARAF	S490T	DNA-based
4	55152126	55152126	PDGFRA	G853D	DNA-based
X	100613633	100613633	BTK	T316A	DNA-based
17	37881392	37881392	ERBB2	T862A	DNA-based
17	37881378	37881378	ERBB2	N857S	DNA-based
2	209113112	209113112	IDH1	R132L	DNA-based
4	55141083	55141083	PDGFRA	P577S	DNA-based
4	55152090	55152090	PDGFRA	R841K	DNA-based
4	55152101	55152101	PDGFRA	H845Y	DNA-based
9	133748414	133748414	ABL1	F359V	DNA-based
12	25378562	25378562	KRAS	A146T	DNA-based
22	29121087	29121087	CHEK2	I157T	DNA-based
4	55599299	55599299	KIT	C809G	DNA-based
4	55599320	55599320	KIT	D816H	DNA-based
4	55599332	55599332	KIT	D820Y	DNA-based
3	41266124	41266124	CTNNB1	T41A	DNA-based
7	55221822	55221822	EGFR	A289V	DNA-based
4	55593610	55593610	KIT	V559D	DNA-based
9	133747520	133747520	ABL1	D276G	DNA-based
9	133750356	133750356	ABL1	H396R	DNA-based
9	133738342	133738342	ABL1	L248V	DNA-based
9	133748391	133748391	ABL1	M351T	DNA-based
9	133738356	133738356	ABL1	Q252H	DNA-based
9	133738358	133738358	ABL1	Y253F	DNA-based
3	41266137	41266137	CTNNB1	S45F	DNA-based
3	41266136	41266136	CTNNB1	S45P	DNA-based
9	133738364	133738364	ABL1	E255V	DNA-based
4	55594221	55594221	KIT	K642E	DNA-based
12	25378562	25378562	KRAS	A146P	DNA-based
9	133750361	133750361	ABL1	BCR-ABL G398R	DNA-based
13	28592641	28592641	FLT3	D835V	DNA-based
9	133747588	133747588	ABL1	V299L	DNA-based
12	25398285	25398285	KRAS	G12S	DNA-based
17	37880261	37880261	ERBB2	D769H	DNA-based
3	10183770	10183770	VHL	S80I (c.239G>T)	DNA-based
3	10183764	10183764	VHL	N78S (c.233A>G)	DNA-based
7	140453135	140453136	BRAF	V600D	DNA-based
3	10183871	10183871	VHL	G114C (c.340G>T)	DNA-based
3	10183797	10183797	VHL	L89P (c.266T>C)	DNA-based
3	10183725	10183725	VHL	S65W (c.194C>G)	DNA-based
3	10183725	10183725	VHL	S65L (c.194C>T)	DNA-based
3	10183706	10183706	VHL	P59R (c.175delC)	DNA-based
3	10183788	10183788	VHL	P86R (c.257C>G)	DNA-based
3	10188203	10188203	VHL	L116V (c.346C>G)	DNA-based
3	10188240	10188240	VHL	L128R (c.383T>G)	DNA-based
3	10191479	10191479	VHL	L158V (c.472C>G)	DNA-based
3	10183745	10183745	VHL	S72P (c.214T>C)	DNA-based
3	10183787	10183787	VHL	P86S (c.256C>T)	DNA-based
20	57428713	57428713	GNAS	T393C	DNA-based
17	37868208	37868208	ERBB2	S310F/Y	DNA-based
3	10183785	10183785	VHL	L85P (c.254T>C)	DNA-based
7	55249118	55249118	EGFR	K806E	DNA-based
3	10183752	10183752	VHL	V74G (c.221T>G)	DNA-based
3	10191493	10191493	VHL	C162W (c.486C>G)	DNA-based
1	156846342	156849107	NTRK1	LMNA-NTRK1 G595R AND G667C	DNA-based
17	37880261	37880261	ERBB2	D769Y	DNA-based
3	10183725	10183725	VHL	S65W (c.194C>G)	DNA-based
3	10183764	10183764	VHL	N78T (c.233A>C)	DNA-based
3	10183788	10183788	VHL	P86L (c.257C>T)	DNA-based
3	10188302	10188302	VHL	A149T (c.445G>A)	DNA-based
12	25398284	25398284	KRAS	G12V	DNA-based
3	10188247	10188248	VHL	N131P (c.390_391delTA)	DNA-based
3	10191471	10191471	VHL	V155E (c.464T>A)	DNA-based
3	10191507	10191507	VHL	R167Q (c.500G>A)	DNA-based
9	133738363	133738363	ABL1	BCR-ABL E255K	DNA-based
9	133748283	133748283	ABL1	BCR-ABL T334I	DNA-based
14	105246551	105246551	AKT1	E17K	DNA-based
2	29432664	29432664	ALK	R1275Q	DNA-based
2	29443695	29443695	ALK	F1174L	DNA-based
7	55249071	55249071	EGFR	T790M	DNA-based
6	152419920	152419921	ESR1	L536Q	DNA-based
6	152419922	152419922	ESR1	Y537N	DNA-based
4	55593661	55593661	KIT	L576P	DNA-based
7	140453136	140453136	BRAF	V600E	DNA-based
7	55259515	55259515	EGFR	L858R	DNA-based
6	152419926	152419926	ESR1	D538G	DNA-based
6	152419923	152419923	ESR1	Y537S	DNA-based
2	209113113	209113113	IDH1	R132C	DNA-based
4	55594258	55594258	KIT	V654A	DNA-based
3	178936091	178936091	PIK3CA	E545K	DNA-based
10	43609950	43609950	RET	C634W	DNA-based
17	7578406	7578406	TP53	R175H	DNA-based
2	25457241	25457243	DNMT3A	R882	DNA-based
17	37880220	37880220	ERBB2	L755S	DNA-based
6	152419923	152419923	ESR1	Y537C	DNA-based
4	55599321	55599321	KIT	D816V	DNA-based
3	138665163	138665163	FOXL2	C134W	DNA-based
1	115256528	115256530	NRAS	Q61	DNA-based
4	55599341	55599341	KIT	Y823D	DNA-based
9	133755488	133755488	ABL1	BCR-ABL F486S	DNA-based
3	10183724	10183724	VHL	S65P (c.193T>C)	DNA-based
7	140453145	140453145	BRAF	L597R	DNA-based
3	10191530	10191530	VHL	Y175D (c.523T>G)	DNA-based
7	55242500	55242500	EGFR	K757R	DNA-based
2	48033420	48033420	MSH6	R1242C	DNA-based
9	133738349	133738349	ABL1	G250E	DNA-based
3	10191492	10191492	VHL	C162F (c.485G>T)	DNA-based
3	10188318	10188318	VHL	P154L (c.461C>T)	DNA-based
3	10188210	10188210	VHL	L118P (c.353T>C)	DNA-based
3	10188201	10188201	VHL	H115P (c.344A>C)	DNA-based
3	178935998	178936122	PIK3CA	EXON 10 MUTATION	DNA-based
3	178951882	178952495	PIK3CA	EXON 21 MUTATION	DNA-based
11	32417803	32417953	WT1	EXON 7 MUTATION	DNA-based
18	42531877	42531918	SETBP1	EXON 4 MUTATION	DNA-based
7	55237999	55238735	EGFR	EXON 18 OVEREXPRESSION	DNA-based
19	1205740	1218499	STK11	EXON 1-2 MUTATION	DNA-based
11	32413518	32413610	WT1	EXON 9 MUTATION	DNA-based
5	170837531	170837569	NPM1	EXON 12 MUTATION	DNA-based
20	31021087	31021720	ASXL1	EXON 12 MUTATION	DNA-based
4	55595501	55595651	KIT	EXON 14 MUTATION	DNA-based
4	55592023	55592216	KIT	EXON 9 MUTATION	DNA-based
19	13054527	13054727	CALR	EXON 9 FRAMESHIFT	DNA-based
17	37880219	37880233	ERBB2	DEL 755-759	DNA-based
4	55152095	55152097	PDGFRA	I843DEL	DNA-based
4	55593612	55593614	KIT	V560DEL	DNA-based
2	29497965	29754982	ALK	DEL4-11	DNA-based
7	140477838	140477855	BRAF	DEL 485-490	DNA-based
7	55242415	55242513	EGFR	EXON 19 DELETION	DNA-based
15	66727449	66727463	MAP2K1	Q56_V60del	DNA-based
3	37089130	37089132	MLH1	K618DEL	DNA-based
3	10183840	10183841	VHL	G104H (c.309_310delTG)	DNA-based
3	10183758	10183760	VHL	F76del (c.227_229delTCT)	DNA-based
3	10183757	10183759	VHL	F76del (c.226_228delTTC)	DNA-based
3	10183711	10183711	VHL	V62C (c.180delG)	DNA-based
12	25360224	25360224	KRAS	RS61764370	DNA-based
14	62213848	62213848	HIF1A	3' UTR Polymorphism	DNA-based
4	55604724	55606881	KIT	3' UTR MUTATION	DNA-based
3	10183534	10183534	VHL	M1? (c.3G>A)	DNA-based
3	10183532	10183548	VHL	M1FS (c.1_17del17)	DNA-based
3	10183531	10183551	VHL	M1? (c.1-1_20del21)	DNA-based
10	131265545	131265545	MGMT	RS16906252	DNA-based
4	55602765	55602765	KIT	RS3733542	DNA-based
7	87138645	87138645	ABCB1	I1145I	DNA-based
3	105439026	105439026	CBLB	RS2305035	DNA-based
21	40191638	40191638	ETS2	RS461155	DNA-based
7	55086794	55279321	EGFR	MUTATION	DNA-based
3	10191469	10191469	VHL	Splicing alteration (c.464-2A>T)	DNA-based
3	10191470	10191470	VHL	Splicing alteration (c.464-1G>C)	DNA-based
3	10191470	10191470	VHL	Splicing alteration (c.464-1G>A)	DNA-based
3	10191469	10191469	VHL	Splicing alteration (c.464-2A>G)	DNA-based
3	10188196	10188196	VHL	Splicing alteration (c.341-2A>C)	DNA-based
17	37880991	37880991	ERBB2	M774DELINSWLV	DNA-based
12	69234988	69234988	MDM2	RS34886328	DNA-based
9	139390861	139390861	NOTCH1	V2444FS	DNA-based
11	94152895	94227074	MRE11	FRAMESHIFT MUTATION	DNA-based
11	102201730	102207833	BIRC3	TRUNCATING MUTATION	DNA-based
10	89720799	89720802	PTEN	V317FS	DNA-based
3	37090464	37090464	MLH1	R687FS	DNA-based
2	47641433	47641433	MSH2	V273FS	DNA-based
3	10183713	10183716	VHL	P61fs (c.182_185delCCGT)	DNA-based
3	10188241	10188241	VHL	L129fs (c.384delT)	DNA-based
9	21975017	21975017	CDKN2A	RS3814960	DNA-based
1	97915614	97915614	DPYD	DPYD*2A HOMOZYGOSITY	DNA-based
3	37056036	37056036	MLH1	C.790+1G>A	DNA-based
4	108603171	108641608	BRAF	PAPSS1-BRAF	DNA-based
3	10191649	10191649	VHL	*214W (c.642A>G)	DNA-based
3	37092143	37092143	MLH1	*757L	DNA-based
7	148524359	148525831	EZH2	INTRON 6 MUTATION	DNA-based
13	103498198	103498199	ERCC5	RS751402	DNA-based
18	657604	657742	TYMS	5' TANDEM REPEAT	DNA-based
2	25455845	25565459	DNMT3A	MUTATION	DNA-based
1	155870065	155880706	RIT1	MUTATION	DNA-based
X	66764465	66950461	AR	MUTATION	DNA-based
2	209101803	209116275	IDH1	MUTATION	DNA-based
X	39910501	40036582	BCOR	MUTATION	DNA-based
22	29999547	30094587	NF2	MUTATION	DNA-based
X	20156713	20159754	EIF1AX	MUTATION	DNA-based
9	135766735	135820008	TSC1	FRAMESHIFT TRUNCATION	DNA-based
17	7573998	7579714	TP53	TRUNCATING MUTATION	DNA-based
9	139390649	139390650	NOTCH1	P2514FS	DNA-based
22	30050673	30050675	NF2	K159FS*16	DNA-based
15	45003786	45003789	B2M	S14FS	DNA-based
11	64572092	64572092	MEN1	FRAMESHIFT TRUNCATION	DNA-based
13	49033946	49033947	RB1	M695FS*26	DNA-based
3	10183695	10183696	VHL	A56FS (c.164_165insG)	DNA-based
3	37053551	37053551	MLH1	V213FS	DNA-based
3	37081726	37081726	MLH1	P536FS	DNA-based
3	37089094	37089095	MLH1	G606FS*2	DNA-based
3	37067365	37067365	MLH1	Q426FS	DNA-based
3	37090406	37090406	MLH1	D667FS	DNA-based
2	48027794	48027795	MSH6	I891FS	DNA-based
3	37035075	37035075	MLH1	E13FS*3	DNA-based
21	36252913	36252920	RUNX1	T148HFSX9	DNA-based
3	10183694	10183694	VHL	E55RfsTer11 (c.163delG)	DNA-based
3	10183822	10183841	VHL	Y98FS (c.291_310DEL20)	DNA-based
3	142274740	142274740	ATR	I774FS	DNA-based
3	10183694	10183695	VHL	E55FS (c.163_164delGA)	DNA-based
3	10183695	10183696	VHL	A56FS (c.164_165insA)	DNA-based
3	10183693	10183697	VHL	M54IFS (c.162_166delGGAGG)	DNA-based
3	10183704	10183705	VHL	P59fs (c.173_174insC)	DNA-based
22	29091857	29091857	CHEK2	1100DELC	DNA-based
17	41244645	41244646	BRCA1	P968FS	DNA-based
11	108196840	108196841	ATM	V2288FS*1	DNA-based
3	10191578	10191578	VHL	H191fs (c.571delC)	DNA-based
3	10188224	10188224	VHL	G123fs (c.367delG)	DNA-based
3	10188261	10188261	VHL	L135fs (c.404delT)	DNA-based
3	10183725	10183725	VHL	S65fs (c.194delC)	DNA-based
3	10183745	10183745	VHL	S72P (c.214delT)	DNA-based
3	10183868	10183868	VHL	R113fs (c.337delC)	DNA-based
3	10191533	10191533	VHL	Y175fs (c.526delA)	DNA-based
22	30051593	30051594	NF2	Y177FS	DNA-based
5	170837547	170837548	NPM1	W288FS	DNA-based
2	47630413	47630414	MSH2	E28FS	DNA-based
7	55087058	55223523	EGFR	VIII	DNA-based
2	47612305	47614173	EPCAM	3' EXON DELETION	DNA-based
4	55593582	55593708	KIT	EXON 11 MUTATION	DNA-based
9	139391369	139391370	NOTCH1	S2275FS	DNA-based
13	28592642	28592642	FLT3	TKD MUTATION	DNA-based
7	55214299	55214433	EGFR	EXON 4 DELETION	DNA-based
2	141665446	141777671	LRP1B	EXON 12–22 DELETION	DNA-based
3	10183532	10188320	VHL	EXON 1-2 DELETION	DNA-based
3	10183532	10183871	VHL	EXON 1 DELETION	DNA-based
3	10183532	10191649	VHL	EXON 1-3 DELETION	DNA-based
7	116411903	116412043	MET	EXON 14 SKIPPING MUTATION	DNA-based
7	55249009	55249010	EGFR	V769_770insASV	DNA-based
13	31722621	31722637	HSPH1	T17 DELETION	DNA-based
2	234668881	234668882	UGT1A1	UGT1A1*28	DNA-based
17	7577149	7578443	TP53	DNA BINDING DOMAIN MUTATION	DNA-based
7	55086794	55279321	EGFR	COPY NUMBER VARIATION	DNA-based
17	74732402	74733113	SRSF2	MUTATION	DNA-based
19	1205740	1223074	STK11	MUTATION	DNA-based
12	133202900	133256623	POLE	MUTATION	DNA-based
13	48877911	49056122	RB1	MUTATION	DNA-based
2	111883195	111886097	BCL2L11	DELETION POLYMORPHISM	DNA-based
7	55272951	55272953	EGFR	Y1092 PHOSPHORYLATION	RNA-based
11	69455855	69469242	CCND1	EXPRESSION	RNA-based
7	55086794	55279321	EGFR	EXPRESSION	RNA-based
8	31497942	32622294	NRG1	EXPRESSION	RNA-based
12	56473645	56497289	ERBB3	EXPRESSION	RNA-based
20	39657458	39753127	TOP1	EXPRESSION	RNA-based
17	74380731	74383936	SPHK1	OVEREXPRESSION	RNA-based
2	202122759	202152434	CASP8	EXPRESSION	RNA-based
X	47441712	47446188	TIMP1	OVEREXPRESSION	RNA-based
10	131265448	131566271	MGMT	UNDEREXPRESSION	RNA-based
12	58141510	58146304	CDK4	EXPRESSION	RNA-based
9	33110635	33167354	B4GALT1	EXPRESSION	RNA-based
20	44637547	44645200	MMP9	SERUM LEVELS	RNA-based
3	128198270	128212028	GATA2	EXPRESSION	RNA-based
15	58245622	58358616	ALDH1A2	EXPRESSION	RNA-based
13	31710765	31736064	HSPH1	NUCLEAR EXPRESSION	RNA-based
15	58245622	58358616	ALDH1A2	UNDEREXPRESSION	RNA-based
10	131264495	131265656	MGMT	PROMOTER METHYLATION	RNA-based
16	55512883	55540603	MMP2	SERUM LEVELS	RNA-based
3	108268716	108308299	KIAA1524	EXPRESSION	RNA-based
19	10244022	10305811	DNMT1	EXPRESSION	RNA-based
6	43738444	43752346	VEGFA	UNDEREXPRESSION	RNA-based
6	74104471	74127292	DDX43	OVEREXPRESSION	RNA-based
18	60790579	60987361	BCL2	EXPRESSION	RNA-based
20	54944446	54967393	AURKA	EXPRESSION	RNA-based
8	27667137	27695612	PBK	OVEREXPRESSION	RNA-based
2	70674412	70781147	TGFA	EXPRESSION	RNA-based
12	12870058	12875305	CDKN1B	EXPRESSION	RNA-based
17	76210267	76221717	BIRC5	NUCLEAR EXPRESSION	RNA-based
10	112631596	112659763	PDCD4	EXPRESSION	RNA-based
6	36646487	36655108	CDKN1A	EXPRESSION	RNA-based
11	2150348	2170833	IGF2	OVEREXPRESSION	RNA-based
8	142402093	142441394	PTP4A3	OVEREXPRESSION	RNA-based
3	108268716	108308299	KIAA1524	UNDEREXPRESSION	RNA-based
3	105085753	105295744	ALCAM	EXPRESSION	RNA-based
4	1795039	1810599	FGFR3	EXPRESSION	RNA-based
7	16831435	16844704	AGR2	EXPRESSION	RNA-based
2	234526291	234681956	UGT1A	EXPRESSION	RNA-based
19	11071598	11172958	SMARCA4	UNDEREXPRESSION	RNA-based
15	99192200	99507759	IGF1R	NUCLEAR EXPRESSION	RNA-based
1	57159476	57159478	PRKAA2	T172 PHOSPHORYLATION	RNA-based
2	201980827	202041410	CFLAR	EXPRESSION	RNA-based
21	43731777	43735761	TFF3	EXPRESSION	RNA-based
12	89741009	89747048	DUSP6	EXPRESSION	RNA-based
9	127997132	128003609	HSPA5	EXPRESSION	RNA-based
9	19376309	19376323	RPS6	PHOSPHORYLATION	RNA-based
4	75230860	75254468	EREG	EXPRESSION	RNA-based
15	99192200	99507759	IGF1R	EXPRESSION	RNA-based
1	26211931	26232957	STMN1	EXPRESSION	RNA-based
19	45281126	45303891	CBLC	EXPRESSION	RNA-based
2	212240446	213403565	ERBB4	NUCLEAR TRANSLOCATION	RNA-based
16	69743304	69760854	NQO1	EXPRESSION	RNA-based
13	48877911	49056122	RB1	OVEREXPRESSION	RNA-based
12	64845660	64895888	TBK1	OVEREXPRESSION	RNA-based
6	37137979	37143202	PIM1	NUCLEAR EXPRESSION	RNA-based
10	54074056	54077417	DKK1	NUCLEAR EXPRESSION	RNA-based
17	41196312	41277387	BRCA1	UNDEREXPRESSION	RNA-based
7	87133175	87342564	ABCB1	EXPRESSION	RNA-based
6	43395292	43418168	ABCC10	EXPRESSION	RNA-based
8	6835172	6837602	DEFA1	EXPRESSION	RNA-based
1	65298912	65432187	JAK1	OVEREXPRESSION	RNA-based
2	212240446	213403565	ERBB4	EXPRESSION	RNA-based
7	100400187	100425121	EPHB4	EXPRESSION	RNA-based
4	15969857	16085324	PROM1	EXPRESSION	RNA-based
19	45916692	45926824	ERCC1	EXPRESSION	RNA-based
X	55478538	55479998	MAGEH1	EXPRESSION	RNA-based
11	35160728	35251574	CD44	ISOFORM EXPRESSION	RNA-based
4	20529898	20530007	MIR218-1	UNDEREXPRESSION	RNA-based
18	48556583	48611409	SMAD4	EXPRESSION	RNA-based
13	48877911	49056122	RB1	EXPRESSION	RNA-based
20	54944446	54967393	AURKA	OVEREXPRESSION	RNA-based
20	46130646	46285621	NCOA3	OVEREXPRESSION	RNA-based
11	100900355	101001255	PGR	EXPRESSION	RNA-based
3	52435029	52444366	BAP1	EXPRESSION	RNA-based
7	55086794	55279321	EGFR	OVEREXPRESSION	RNA-based
4	110834047	110933422	EGF	EXPRESSION	RNA-based
X	66764465	66950461	AR	OVEREXPRESSION	RNA-based
12	69201956	69239214	MDM2	EXPRESSION	RNA-based
7	148504477	148581370	EZH2	OVEREXPRESSION	RNA-based
17	41196312	41277387	BRCA1	EXPRESSION	RNA-based
1	155870065	155880706	RIT1	OVEREXPRESSION	RNA-based
18	657604	673578	TYMS	UNDEREXPRESSION	RNA-based
17	33677324	33700639	SLFN11	EXPRESSION	RNA-based
17	38544768	38574202	TOP2A	EXPRESSION	RNA-based
10	89622870	89731687	PTEN	EXPRESSION	RNA-based
2	136871919	136873813	CXCR4	EXPRESSION	RNA-based
7	75931861	75933612	HSPB1	EXPRESSION	RNA-based
X	49106897	49121288	FOXP3	EXPRESSION	RNA-based
22	35776828	35790207	HMOX1	EXPRESSION	RNA-based
16	89989687	90002505	TUBB3	EXPRESSION	RNA-based
4	20529898	20530007	MIR218-1	EXPRESSION	RNA-based
10	43572475	43625799	RET	EXPRESSION	RNA-based
5	156512843	156536725	HAVCR2	OVEREXPRESSION	RNA-based
9	5450525	5470547	CD274	EXPRESSION	RNA-based
18	48556583	48611409	SMAD4	UNDEREXPRESSION	RNA-based
19	1205740	1228428	STK11	UNDEREXPRESSION	RNA-based
12	56473645	56497289	ERBB3	OVEREXPRESSION	RNA-based
18	657604	673578	TYMS	EXPRESSION	RNA-based
19	40736224	40791302	AKT2	EXPRESSION	RNA-based
6	86159809	86205496	NT5E	OVEREXPRESSION	RNA-based
4	75310851	75320726	AREG	EXPRESSION	RNA-based
9	93564069	93660831	SYK	OVEREXPRESSION	RNA-based
3	38179969	38184510	MYD88	OVEREXPRESSION	RNA-based
13	28536274	28545276	CDX2	EXPRESSION	RNA-based
11	108093559	108239826	ATM	UNDEREXPRESSION	RNA-based
11	124753587	124768177	ROBO4	EXPRESSION	RNA-based
10	69644427	69678147	SIRT1	OVEREXPRESSION	RNA-based
12	112856718	112947717	PTPN11	EXPRESSION	RNA-based
6	169615875	169654139	THBS2	UNDEREXPRESSION	RNA-based
17	37856333	37884915	ERBB2	SERUM LEVELS	RNA-based
6	31132120	31138470	POU5F1	EXPRESSION	RNA-based
6	11185051	11382581	NEDD9	EXPRESSION	RNA-based
10	31608101	31818741	ZEB1	EXPRESSION	RNA-based
X	123095568	123236506	STAG2	UNDEREXPRESSION	RNA-based
6	32407619	32412823	HLA-DRA	EXPRESSION	RNA-based
12	12870058	12875305	CDKN1B	CYTOPLASMIC MISLOCALIZATION	RNA-based
4	55524085	55606881	KIT	EXPRESSION	RNA-based
2	46524541	46613836	EPAS1	OVEREXPRESSION	RNA-based
14	62162258	62214976	HIF1A	OVEREXPRESSION	RNA-based
X	137715011	138286269	FGF13	CYTOPLASMIC EXPRESSION	RNA-based
12	53342655	53346684	KRT18	UNDEREXPRESSION	RNA-based
8	37888200	37914663	EIF4EBP1	PHOSPHORYLATION	RNA-based
6	32808494	32812480	PSMB8	NUCLEAR EXPRESSION	RNA-based
8	27667137	27695612	PBK	NUCLEAR EXPRESSION	RNA-based
5	159848829	159855748	PTTG1	OVEREXPRESSION	RNA-based
1	65886335	66107242	LEPR	UNDEREXPRESSION	RNA-based
9	21968055	21974865	CDKN2A	p16 EXPRESSION	RNA-based
17	76210267	76221717	BIRC5	OVEREXPRESSION	RNA-based
7	92234235	92463231	CDK6	OVEREXPRESSION	RNA-based
10	43572475	43625799	RET	OVEREXPRESSION	RNA-based
7	116312459	116436396	MET	OVEREXPRESSION	RNA-based
13	28577411	28674729	FLT3	OVEREXPRESSION	RNA-based
6	152128686	152424406	ESR1	OVEREXPRESSION	RNA-based
13	48877911	49056122	RB1	PHOSPHORYLATION	RNA-based
10	129894923	129924649	MKI67	EXPRESSION	RNA-based
19	41725108	41767671	AXL	EXPRESSION	RNA-based
1	59246465	59249785	JUN	OVEREXPRESSION	RNA-based
7	99775186	99812003	STAG3	UNDEREXPRESSION	RNA-based
X	76760356	77041702	ATRX	UNDEREXPRESSION	RNA-based
17	41605212	41623800	ETV4	OVEREXPRESSION	RNA-based
13	114523524	114567046	GAS6	EXPRESSION	RNA-based
3	37034823	37092409	MLH1	EXPRESSION	RNA-based
9	110045560	110094475	RAD23B	EXPRESSION	RNA-based
1	40361098	40367685	MYCL	EXPRESSION	RNA-based
14	62164340	62214489	HIF1A	EXPRESSION	RNA-based
2	113973574	114036527	PAX8	EXPRESSION	RNA-based
7	81328322	81399514	HGF	EXPRESSION	RNA-based
14	75745477	75748933	FOS	OVEREXPRESSION	RNA-based
6	134490384	134639196	SGK1	OVEREXPRESSION	RNA-based
22	24129150	24176703	SMARCB1	UNDEREXPRESSION	RNA-based
15	69706688	69740756	KIF23	EXPRESSION	RNA-based
4	123747863	123819391	FGF2	EXPRESSION	RNA-based
11	4116039	4160106	RRM1	OVEREXPRESSION	RNA-based
2	10262455	10271545	RRM2	OVEREXPRESSION	RNA-based
9	22009121	22009172	CDKN2B	METHYLATION	RNA-based
1	156830686	156851434	NTRK1	EXPRESSION	RNA-based
2	112656056	112787138	MERTK	OVEREXPRESSION	RNA-based
8	38268656	38325363	FGFR1	EXPRESSION	RNA-based
1	229566992	229569841	ACTA1	EXPRESSION	RNA-based
1	186640923	186649559	PTGS2	OVEREXPRESSION	RNA-based
11	4116039	4160106	RRM1	UNDEREXPRESSION	RNA-based
1	27022524	27108595	ARID1A	UNDEREXPRESSION	RNA-based
12	4382938	4414516	CCND2	OVEREXPRESSION	RNA-based
19	30302805	30315215	CCNE1	OVEREXPRESSION	RNA-based
11	69455855	69469242	CCND1	OVEREXPRESSION	RNA-based
9	21974827	21994591	CDKN2A	PROMOTER HYPERMETHYLATION	RNA-based
12	4381437	4382937	CCND2	PROMOTER DEMETHYLATION	RNA-based
2	29445258	29445258	ALK	EML4-ALK C1156Y	RNA-based
2	29443631	29443631	ALK	EML4-ALK L1196M	RNA-based
1	156446804	156470620	CSF1R	MEF2D-CSF1R	RNA-based
6	117609463	117747018	ROS1	REARRANGEMENT	RNA-based
4	1795039	1810599	FGFR3	FGFR3-BAIAP2L1	RNA-based
18	23612363	23670589	SSX4	SS18-SSX4	RNA-based
6	117631376	117631376	ROS1	CD74-ROS1 G2101A	RNA-based
7	91570181	91625114	BRAF	AKAP9-BRAF	RNA-based
6	117630062	117630062	ROS1	CD74-ROS1 L2155S	RNA-based
22	29664007	29683123	FLI1	EWSR1-FLI1	RNA-based
2	29443600	29443600	ALK	EML4-ALK S1206Y	RNA-based
2	42396490	42528380	ALK	EML4-ALK AMPLIFICATION	RNA-based
2	29443625	29445258	ALK	EML4-ALK C1156Y–L1198F	RNA-based
21	42879877	42879992	ERG	TMPRSS2-ERG	RNA-based
15	74287058	74325755	PML	PML-RARA	RNA-based
9	133748288	133748288	ABL1	BCR-ABL F317L	RNA-based
2	29445270	29445270	ALK	EML4-ALK L1152R	RNA-based
4	108603171	108641608	BRAF	PAPSS1-BRAF	RNA-based
7	138145079	138239711	BRAF	TRIM24-BRAF	RNA-based
5	170814120	170818803	ALK	NPM-ALK	RNA-based
2	29432682	29432682	ALK	ALK FUSION G1269A	RNA-based
2	109335937	109375004	ALK	RANBP2-ALK	RNA-based
22	29664007	29683123	ERG	EWSR1-ERG	RNA-based
1	156844175	156851434	NTRK1	NTRK1 FUSIONS	RNA-based
10	32306071	32345359	RET	KIF5B-RET	RNA-based
2	42396490	42552694	ALK	EML4-ALK E20;A20	RNA-based
2	29443613	29443613	ALK	ALK FUSION G1202R	RNA-based
6	117638365	117638365	ROS1	CD74-ROS1 L2026M	RNA-based
6	117638347	117638347	ROS1	CD74-ROS1 G2032R	RNA-based
2	29436859	29436859	ALK	ALK FUSION F1245C	RNA-based
2	42396490	42472827	ALK	EML4-ALK E2;A20	RNA-based
16	67063148	67116211	CBFB	CBFB-MYH11	RNA-based
2	29445213	29445213	ALK	EML4-ALK I1171S	RNA-based
3	100428269	100447702	ROS1	TFG-ROS1	RNA-based
4	55144547	55144547	PDGFRA	FIP1L1-PDGFRA T674I	RNA-based
2	29445213	29445213	ALK	HIP1-ALK I1171N	RNA-based
2	29445271	29445272	ALK	EML4-ALK T1151INST	RNA-based
2	29445213	29445213	ALK	ALK FUSION I1171	RNA-based
11	7535001	7586998	BRAF	PPFIBP2-BRAF	RNA-based
7	140434279	140487384	BRAF	BRAF-CUL1	RNA-based
2	29443679	29443679	ALK	EML4-ALK  V1180L	RNA-based
2	29443631	29445258	ALK	EML4-ALK C1156Y–L1196M	RNA-based
17	57697219	57768072	ALK	CLTC-ALK	RNA-based
2	29432682	29432682	ALK	EML4-ALK G1269A	RNA-based
22	29664007	29683123	FLI1	EWSR1-FLI1 Type 1	RNA-based
2	204732509	204736210	CTLA4	CTLA4-CD28	RNA-based
7	99613222	99627575	BRAF	ZKSCAN1-BRAF	RNA-based
2	114036521	113992971	PAX8	PAX8-PPARG	RNA-based
4	54243812	54294350	PDGFRA	FIP1L1-PDGFRA	RNA-based
7	138545885	138666064	BRAF	KIAA1549-BRAF	RNA-based
10	123239371	123357917	FGFR2	FGFR2-AHCYL1	RNA-based
10	123239371	123357917	FGFR2	FGFR2-BICC1	RNA-based
14	75745477	75748127	FOS	TRUNCATING FUSION	RNA-based
22	29664307	29688158	EWSR1	EWSR1-FLI1	RNA-based
3	149235022	149290787	WWTR1	WWTR1-CAMTA1	RNA-based
15	88476265	88476265	NTRK3	ETV6-NTRK3 G623R	RNA-based
22	29664307	29687588	DDIT3	EWSR1-DDIT3	RNA-based
10	93558069	93619405	PDGFRA	TNKS2-PDGFRA	RNA-based
19	14628951	14629232	PRKACA	DNAJB1-PRKACA	RNA-based
10	123243212	123357917	FGFR2	FGFR2-MGEA5	RNA-based
4	123243212	123357598	FGFR2	FGFR2-TACC3	RNA-based
8	38268656	38325363	FGFR1	FGFR1 FUSIONS	RNA-based
1	156084498	156108548	NTRK1	LMNA-NTRK1	RNA-based
9	133738363	133738363	ABL1	BCR-ABL E255K	RNA-based
22	23522397	23632600	ABL1	BCR-ABL	RNA-based
9	133748283	133748283	ABL1	BCR-ABL T334I	RNA-based
2	42396490	42522656	ALK	EML4-ALK	RNA-based
2	29415640	29446394	ALK	ALK FUSIONS	RNA-based
2	42396490	42491871	ALK	EML4-ALK E6;A20	RNA-based
12	11802788	12022903	NTRK3	ETV6-NTRK3	RNA-based
7	141250989	141255367	BRAF	AGK-BRAF	RNA-based
14	106032614	107288051	BCL2	IGH-BCL2	RNA-based
11	69455855	69469242	CCND1	AMPLIFICATION	RNA-based
7	140434279	140624564	BRAF	V600E AMPLIFICATION	RNA-based
20	39657458	39753127	TOP1	AMPLIFICATION	RNA-based
7	116312459	116436396	MET	EXON 14 MUTATION + AMPLIFICATION	RNA-based
9	135251008	135282209	TTF1	AMPLIFICATION	RNA-based
5	1253282	1295162	TERT	AMPLIFICATION	RNA-based
2	61108709	61149800	REL	AMPLIFICATION	RNA-based
3	71003844	71633140	FOXP1	AMPLIFICATION	RNA-based
18	657604	673578	TYMS	AMPLIFICATION	RNA-based
22	22108789	22221919	MAPK1	AMPLIFICATION	RNA-based
11	77371041	77532063	RSF1	AMPLIFICATION	RNA-based
7	97481430	97501854	ASNS	AMPLIFICATION	RNA-based
20	46130646	46285621	NCOA3	AMPLIFICATION	RNA-based
20	54944446	54967393	AURKA	AMPLIFICATION	RNA-based
7	55086794	55279321	EGFR	AMPLIFICATION	RNA-based
19	30302805	30315215	CCNE1	AMPLIFICATION	RNA-based
3	178866311	178957881	PIK3CA	AMPLIFICATION	RNA-based
9	139388896	139440314	NOTCH1	AMPLIFICATION	RNA-based
17	48712218	48769613	ABCC3	AMPLIFICATION	RNA-based
20	61867235	61871859	BIRC7	AMPLIFICATION	RNA-based
7	116312459	116436396	MET	AMPLIFICATION	RNA-based
2	16080686	16087129	MYCN	AMPLIFICATION	RNA-based
7	140434279	140624564	BRAF	AMPLIFICATION	RNA-based
12	58141510	58146304	CDK4	AMPLIFICATION	RNA-based
5	38938021	39074510	RICTOR	AMPLIFICATION	RNA-based
3	12625100	12705725	RAF1	AMPLIFICATION	RNA-based
12	25362365	25403737	KRAS	AMPLIFICATION	RNA-based
4	55524085	55606881	KIT	AMPLIFICATION	RNA-based
11	69624992	69633792	FGF3	AMPLIFICATION	RNA-based
10	123239371	123357917	FGFR2	AMPLIFICATION	RNA-based
19	40736224	40791302	AKT2	AMPLIFICATION	RNA-based
4	55095264	55164414	PDGFRA	AMPLIFICATION	RNA-based
8	38268656	38325363	FGFR1	AMPLIFICATION	RNA-based
17	37856333	37884915	ERBB2	AMPLIFICATION	RNA-based
10	89622870	89731687	PTEN	DELETION	RNA-based
11	67351066	67354131	GSTP1	DELETION	RNA-based
9	22002902	22009362	CDKN2B	LOSS	RNA-based
18	48556583	48611409	SMAD4	DELETION	RNA-based
2	140988992	142889270	LRP1B	DELETION	RNA-based
22	24129150	24176703	SMARCB1	DELETION	RNA-based
7	50344378	50472799	IKZF1	DELETION	RNA-based
14	65453063	65453063	FNTB	RS11623866	RNA-based
5	1295228	1295228	TERT	C228T	RNA-based
5	1295161	1295373	TERT	PROMOTER MUTATION	RNA-based
7	116312459	116436396	MET	MUTATION	RNA-based
3	38182641	38182641	MYD88	L265P	RNA-based
4	55524085	55606881	KIT	MUTATION	RNA-based
10	123239371	123357917	FGFR2	MUTATION	RNA-based
7	140453136	140481403	BRAF	MUTATION	RNA-based
1	115247090	115259515	NRAS	MUTATION	RNA-based
2	29415640	30144432	ALK	MUTATION	RNA-based
9	5073770	5073770	JAK2	V617F	RNA-based
1	11184580	11184580	MTOR	P2213S	RNA-based
1	11188519	11188519	MTOR	H1968Y	RNA-based
10	123258034	123258034	FGFR2	N550K	RNA-based
5	67511548	67597649	PIK3R1	MUTATION	RNA-based
3	49412898	49405977	RHOA	MUTATION	RNA-based
2	212295697	212578308	ERBB4	MUTATION	RNA-based
3	41240930	41281936	CTNNB1	ACTIVATING MUTATION	RNA-based
13	28577411	28674729	FLT3	MUTATION	RNA-based
3	178866311	178957881	PIK3CA	MUTATION	RNA-based
22	22127164	22127164	MAPK1	E322K	RNA-based
6	41902671	41909586	CCND3	LOSS	RNA-based
19	33790840	33793470	CEBPA	MUTATION	RNA-based
9	135766735	135820008	TSC1	LOSS-OF-FUNCTION	RNA-based
19	11071598	11172958	SMARCA4	INACTIVATING MUTATION	RNA-based
17	41196312	41277387	BRCA1	LOSS-OF-FUNCTION	RNA-based
19	11071598	11172958	SMARCA4	MUTATION	RNA-based
18	48556583	48611409	SMAD4	MUTATION	RNA-based
3	10182692	10193904	VHL	MUTATION	RNA-based
3	10182692	10193904	VHL	LOSS-OF-FUNCTION	RNA-based
3	52581857	52719852	PBRM1	MUTATION	RNA-based
11	94152895	94227074	MRE11	LOSS	RNA-based
16	23614491	23652631	PALB2	BIALLELIC INACTIVATION	RNA-based
10	89717672	89717672	PTEN	R233*	RNA-based
9	8314246	10033790	PTPRD	MUTATION	RNA-based
12	49412758	49449107	KMT2D	LOSS-OF-FUNCTION	RNA-based
19	1205740	1228428	STK11	LOSS	RNA-based
9	97861336	98079984	FANCC	LOSS-OF-FUNCTION	RNA-based
11	108093559	108239826	ATM	MUTATION	RNA-based
17	41196312	41277387	BRCA1	MUTATION	RNA-based
13	32889611	32973347	BRCA2	MUTATION	RNA-based
10	89622870	89731687	PTEN	LOSS	RNA-based
22	29083732	29137832	CHEK2	LOSS-OF-FUNCTION	RNA-based
17	37618292	37691399	CDK12	LOSS-OF-FUNCTION	RNA-based
9	21967752	21994623	CDKN2A	LOSS	RNA-based
4	153245446	153332714	FBXW7	MUTATION	RNA-based
9	98205262	98270943	PTCH1	MUTATION	RNA-based
13	32889611	32973347	BRCA2	LOSS-OF-FUNCTION	RNA-based
18	48556583	48611409	SMAD4	LOSS	RNA-based
3	10182692	10193904	VHL	LOSS	RNA-based
21	36160098	36421641	RUNX1	MUTATION	RNA-based
17	29421945	29704695	NF1	MUTATION	RNA-based
7	140477859	140477860	BRAF	K483M	RNA-based
13	48877911	49056122	RB1	LOSS-OF-FUNCTION	RNA-based
19	33790840	33793470	CEBPA	BIALLELIC INACTIVATION	RNA-based
9	139388896	139440314	NOTCH1	LOSS-OF-FUNCTION	RNA-based
6	106534195	106557813	PRDM1	MUTATION	RNA-based
4	153242410	153457253	FBXW7	LOSS-OF-FUNCTION	RNA-based
7	124462440	124570035	POT1	MUTATION	RNA-based
22	38368307	38380544	SOX10	LOSS	RNA-based
7	151832010	152133090	KMT2C	MUTATION	RNA-based
1	8073509	8073509	ERRFI1	E384*	RNA-based
17	29421945	29704695	NF1	LOSS	RNA-based
22	29999547	30094587	NF2	LOSS	RNA-based
22	42522501	42526908	CYP2D6	LOSS-OF-FUNCTION	RNA-based
12	70910630	71031220	PTPRB	LOSS-OF-FUNCTION	RNA-based
2	48010221	48037240	MSH6	LOSS	RNA-based
2	47630108	47710367	MSH2	LOSS	RNA-based
21	36231792	36231792	RUNX1	D198Y	RNA-based
3	52435029	52444366	BAP1	MUTATION	RNA-based
4	106067450	106200973	TET2	MUTATION	RNA-based
16	68771128	68869451	CDH1	MUTATION	RNA-based
3	10191469	10191469	VHL	Splicing alteration (c.464-2A>T)	RNA-based
3	10191470	10191470	VHL	Splicing alteration (c.464-1G>C)	RNA-based
3	10191470	10191470	VHL	Splicing alteration (c.464-1G>A)	RNA-based
3	10191469	10191469	VHL	Splicing alteration (c.464-2A>G)	RNA-based
3	10188196	10188196	VHL	Splicing alteration (c.341-2A>C)	RNA-based
12	69234988	69234988	MDM2	RS34886328	RNA-based
1	97915614	97915614	DPYD	DPYD*2A HOMOZYGOSITY	RNA-based
3	37056036	37056036	MLH1	C.790+1G>A	RNA-based
2	25455845	25565459	DNMT3A	MUTATION	RNA-based
1	155870065	155880706	RIT1	MUTATION	RNA-based
X	66764465	66950461	AR	MUTATION	RNA-based
2	209101803	209116275	IDH1	MUTATION	RNA-based
X	39910501	40036582	BCOR	MUTATION	RNA-based
22	29999547	30094587	NF2	MUTATION	RNA-based
X	20156713	20159754	EIF1AX	MUTATION	RNA-based
7	128828713	128853386	SMO	MUTATION	RNA-based
11	533873	534289	HRAS	MUTATION	RNA-based
7	55214299	55214433	EGFR	EXON 4 DELETION	RNA-based
2	141665446	141777671	LRP1B	EXON 12–22 DELETION	RNA-based
3	10183532	10188320	VHL	EXON 1-2 DELETION	RNA-based
3	10183532	10183871	VHL	EXON 1 DELETION	RNA-based
3	10183532	10191649	VHL	EXON 1-3 DELETION	RNA-based
7	116411903	116412043	MET	EXON 14 SKIPPING MUTATION	RNA-based
7	55086794	55279321	EGFR	COPY NUMBER VARIATION	RNA-based
